create schema aowngaideewa;
use aowngaideewa;
create table user(
user_id int not null primary key,
user_name  varchar(35) not null,
first_name varchar(35) not null,
last_name varchar(35) not null,
user_email varchar(255) not null,
user_password varchar(255) not null);

create table place(
place_id int not null primary key,
place_name varchar(50) not null,
place_address varchar(255) not null,
place_province varchar(20) not null,
starting_price numeric(5) default 0 null,
opening_hours text null,
place_event text null,
place_score numeric(1,1) default 0 null);

alter table place add place_eng_province varchar(50) not null;

create table category(
category_id int not null primary key,
category_name varchar(25) not null);

create table place_category(
place_id int not null,
category_id int not null,
primary key(place_id,category_id),
foreign key (place_id) references place(place_id),
foreign key (category_id) references category(category_id));

create table favorite(
favorite_id int not null primary key,
user_id int not null,
place_id int not null,
foreign key (user_id) references user(user_id),
foreign key (place_id) references place(place_id));

CREATE TABLE place_images (
    image_id INT NOT NULL AUTO_INCREMENT PRIMARY KEY,
    place_id INT NOT NULL,
    image_path VARCHAR(500) NOT NULL,      
    uploaded_at TIMESTAMP DEFAULT CURRENT_TIMESTAMP,
    FOREIGN KEY (place_id) REFERENCES place(place_id)
        ON DELETE CASCADE
);
INSERT INTO place_images (image_id, place_id, image_path) VALUES
(1, 1001, 'project/img_place/images (1).jpg'),
(2, 1002, 'project/img_place/watpho_front.jpg'),
(3, 1003, 'project/img_place/e0b8a7e0b8b1e0b887-e1505234056426.jpg'),
(4, 1004, 'project/img_place/2351f6d3c313f525c4089bc84d2410bf.jpg'),
(5, 1005, 'project/img_place/shutterstock_549521977-825x550.jpg'),
(6, 1006, 'project/img_place/iconsiam.jpg'),
(7, 1007, 'project/img_place/apply-tourist-card-to.jpg'),
(8, 1008, 'project/img_place/eb85ca00-df68-11ed-81c8-271696819d88_webp_original.jpg'),
(9, 1009, 'project/img_place/5c11f790-08a9-11ed-b3fc-174b6eee67bf_webp_original.jpg'),
(10, 1010, 'project/img_place/TheMO-BACC_cover.jpg'),
(11, 1011, 'project/img_place/caf88b0a-6bd5-407f-b89d-09bd85b42211_0.jpg'),
(12, 1012, 'project/img_place/อุทยานประวัติศาสตร์พระนครศรีอยุธยา_จังหวัดพระนครศรีอยุธยา.JPG.jpg'),
(13, 1013, 'project/img_place/วัดมหาธาตุ-อยุธยา.jpg'),
(14, 1014, 'project/img_place/IMG_20171002_093423-1024x768.jpg'),
(15, 1015, 'project/img_place/55a03730-068e-11ee-b704-e11b1c7d3a39_webp_original.jpg'),
(16, 1016, 'project/img_place/4e2ab2e0-44d7-11ea-ae38-73538266b6f9_original.jpg'),
(17, 1017, 'project/img_place/4c569c00-db5f-7bb2-7a81-523fe306b1c2.jpg'),
(18, 1018, 'project/img_place/348d9fc0-cc41-11ec-96f4-69b6cdc032b9_webp_original.jpg'),
(19, 1019, 'project/img_place/4-3_1.jpg'),
(20, 1020, 'project/img_place/the-main-entrance-to.jpg');


ALTER TABLE user MODIFY user_id INT NOT NULL AUTO_INCREMENT;
ALTER TABLE user AUTO_INCREMENT = 1;

ALTER TABLE favorite ADD FOREIGN KEY (user_id) REFERENCES user(user_id);

ALTER TABLE favorite DROP FOREIGN KEY favorite_ibfk_1;


select*from user;
select*from place;
select*from place_images;
select*from place_category;
select*from category;
select*from favorite;

update place set place_score = 3.1 where place_id = 1011;

SELECT DISTINCT  p.place_id, p.place_name, p.opening_hours, p.place_score, image_path from place p
left join place_images using ( place_id )
join  place_category using ( place_id )
join category using (category_id) where category_name = "Temple" 
order by  p.place_id ;

alter table favorite modify favorite_id INT NOT NULL AUTO_INCREMENT;
ALTER TABLE favorite AUTO_INCREMENT = 001;

SELECT DISTINCT  p.place_id, p.place_name, p.opening_hours, p.place_score, image_path from place p
left join place_images using ( place_id )
join  place_category using ( place_id )
join category using (category_id) 
order by p.place_score desc;

UPDATE place_images
SET image_path = 'project/img_place/images (1).jpg'
WHERE image_id = 1;

SELECT  p.place_id, p.place_name, p.place_province, p.opening_hours,  place_score, pi.image_path FROM place p
LEFT JOIN place_images pi ON p.place_id = pi.place_id;
            
SELECT p.place_id, p.place_name, p.place_province, p.place_address, p.opening_hours,p.place_score,p.starting_price, p.place_event, 
GROUP_CONCAT(DISTINCT c.category_name SEPARATOR ', ') as categories FROM place p
LEFT JOIN place_category pc ON p.place_id = pc.place_id
LEFT JOIN category c ON pc.category_id = c.category_id group by place_id;

update place set opening_hours = "อาทิตย์-เสาร์  07:00-18:00" where place_id = 1004;

SELECT DISTINCT p.place_id, p.place_name, p.place_province, p.opening_hours, p.place_score, pi.image_path  FROM place p
LEFT JOIN place_images pi USING (place_id) ORDER BY place_score DESC, p.place_id;

SELECT  p.place_id, p.place_name, p.place_province, p.opening_hours, p.place_score,
(SELECT image_path FROM place_images WHERE place_id = p.place_id LIMIT 1) as image_path
FROM place p WHERE p.place_province LIKE "%เชียงใหม่%" ;

 SELECT DISTINCT p.place_id, p.place_name, p.place_province, p.place_eng_province, p.opening_hours,p.place_score,
 (SELECT image_path FROM place_images WHERE place_id = p.place_id LIMIT 1) as image_path FROM place p
 LEFT JOIN place_category pc USING (place_id)
 LEFT JOIN category c USING (category_id) WHERE 1=1;
 
  SELECT DISTINCT p.place_id, p.place_name, p.place_province, p.place_eng_province, p.opening_hours, p.place_score, f.favorite_id FROM favorite f
  JOIN place p USING (place_id) WHERE f.user_id = 3 ORDER BY f.favorite_id ;
  


CREATE TABLE Place (
    place_id INT PRIMARY KEY,
    place_name VARCHAR(255) NOT NULL,
    place_address VARCHAR(255) NOT NULL,
    place_province VARCHAR(100) NOT NULL,
    starting_price NUMERIC(5) DEFAULT 0,
    opening_hours TEXT,
    place_event TEXT,
    place_score NUMERIC(2,1) DEFAULT 0
);

CREATE TABLE Category (
    catagory_id INT PRIMARY KEY,
    catagory_name VARCHAR(100) NOT NULL
);

CREATE TABLE Place_Category (
    place_id INT NOT NULL,
    catagory_id INT NOT NULL,
    PRIMARY KEY (place_id, catagory_id)
);

INSERT INTO category (category_id , category_name) VALUES
  (2001, 'Art'),
  (2002, 'Beaches'),
  (2003, 'Cafe & Restaurants'),
  (2004, 'History'),
  (2005, 'Markets'),
  (2006, 'Museums'),
  (2007, 'Mall'),
  (2008, 'Natural'),
  (2009, 'Parks & Garden'),
  (2010, 'Temple'),
  (2011, 'Sports'),
  (2012, 'Other');
  
  
  ALTER TABLE place
MODIFY place_score DECIMAL(2,1);


INSERT INTO place (place_id, place_name, place_address, place_province, starting_price, opening_hours, place_event, place_score) VALUES
  (1001, 'วัดอรุณราชวราราม', 'ถนนอรุณอมรินทร์ แขวงวัดอรุณ เขตบางกอกใหญ่ กรุงเทพมหานคร', 'กรุงเทพมหานคร', 0, 'อาทิตย์-ศุกร์ 07:00-18:00', 'วัดเก่าแก่ริมแม่น้ำเจ้าพระยา เป็นสัญลักษณ์ของกรุงเทพฯ', 4.3),
  (1002, 'วัดพระเชตุพนวิมลมังคลาราม (วัดโพธิ์)', 'ถนนสนามไชย แขวงพระบรมมหาราชวัง เขตพระนคร กรุงเทพมหานคร', 'กรุงเทพมหานคร', 0, 'อาทิตย์-ศุกร์ 07:00-18:00', 'วัดประวัติศาสตร์มีพระพุทธไสยาสน์ขนาดใหญ่ ศูนย์กลางการแพทย์แผนไทย', 4.4),
  (1003, 'พระบรมมหาราชวัง', 'ถนนหน้าพระลาน แขวงพระบรมมหาราชวัง เขตพระนคร กรุงเทพมหานคร', 'กรุงเทพมหานคร', 0, 'อาทิตย์-ศุกร์ 08:30-15:30', 'พระราชวังเก่าอันงดงาม แหล่งท่องเที่ยวหลักของนักท่องเที่ยว', 4.5),
  (1004, 'ตลาดนัดจตุจักร', 'ถนนกำแพงเพชร 2 แขวงจตุจักร เขตจตุจักร กรุงเทพมหานคร', 'กรุงเทพมหานคร', 0, 'เสาร์-อาทิตย์ 09:00-18:00', 'ตลาดนัดขนาดใหญ่มีทั้งเสื้อผ้า ของตกแต่ง ต้นไม้ และอาหาร', 4.6),
  (1005, 'เอเชียทีค เดอะ ริเวอร์ฟร้อนท์', 'ถนนเจริญกรุง แขวงวัดพระยาไกร เขตบางคอแหลม กรุงเทพมหานคร', 'กรุงเทพมหานคร', 0, 'อาทิตย์-ศุกร์ 16:00-23:00', 'คอมมูนิตี้มอลล์ริมแม่น้ำเจ้าพระยา บรรยากาศเดินเล่นตอนเย็น', 4.7),
  (1006, 'ไอคอนสยาม', 'ถนนเจริญนคร แขวงคลองต้นไทร เขตคลองสาน กรุงเทพมหานคร', 'กรุงเทพมหานคร', 0, 'อาทิตย์-ศุกร์ 10:00-22:00', 'ศูนย์การค้าริมน้ำระดับไอคอน มีกิจกรรมและร้านอาหารหลากหลาย', 4.8),
  (1007, 'สยามพารากอน', 'ถนนพระรามที่ 1 แขวงปทุมวัน เขตปทุมวัน กรุงเทพมหานคร', 'กรุงเทพมหานคร', 0, 'อาทิตย์-ศุกร์ 10:00-22:00', 'ศูนย์การค้าขนาดใหญ่ใจกลางสยาม รวมแบรนด์ดังและโซนอาหาร', 4.3),
  (1008, 'ซีไลฟ์ แบงคอก โอเชียน เวิลด์', 'ชั้นใต้ดิน สยามพารากอน เขตปทุมวัน กรุงเทพมหานคร', 'กรุงเทพมหานคร', 200, 'อาทิตย์-ศุกร์ 10:00-20:00', 'อควาเรียมในห้างสำหรับครอบครัวและเด็ก', 4.4),
  (1009, 'พิพิธภัณฑ์บ้านจิม ทอมป์สัน', 'ซอยเกษมสันต์ 2 ถนนพระรามที่ 1 เขตปทุมวัน กรุงเทพมหานคร', 'กรุงเทพมหานคร', 200, 'อาทิตย์-ศุกร์ 09:00-18:00', 'บ้านเรือนไทยโบราณและประวัติผ้าไหมไทย', 4.5),
  (1010, 'หอศิลปวัฒนธรรมแห่งกรุงเทพมหานคร (BACC)', 'ถนนพระรามที่ 1 แขวงวังใหม่ เขตปทุมวัน กรุงเทพมหานคร', 'กรุงเทพมหานคร', 200, 'อาทิตย์-ศุกร์ 10:00-19:00', 'พื้นที่จัดนิทรรศการศิลปะร่วมสมัยใจกลางเมือง', 4.6),
  (1011, 'ถนนข้าวสาร', 'แขวงตลาดยอด เขตพระนคร กรุงเทพมหานคร', 'กรุงเทพมหานคร', 0, 'อาทิตย์-ศุกร์ 10:00-24:00', 'แหล่งท่องเที่ยวไนต์ไลท์ ร้านอาหาร บาร์ และของที่ระลึก', 4.7),
  (1012, 'อุทยานประวัติศาสตร์พระนครศรีอยุธยา', 'อำเภอพระนครศรีอยุธยา จังหวัดพระนครศรีอยุธยา', 'พระนครศรีอยุธยา', 0, 'อาทิตย์-ศุกร์ 08:00-18:00', 'โบราณสถานเมืองเก่าอยุธยา มรดกโลกยูเนสโก', 4.8),
  (1013, 'วัดมหาธาตุ', 'ถนนนเรศวร อำเภอพระนครศรีอยุธยา จังหวัดพระนครศรีอยุธยา', 'พระนครศรีอยุธยา', 0, 'อาทิตย์-ศุกร์ 08:00-18:00', 'จุดชมเศียรพระพุทธรูปในรากไม้ โบราณสถานสำคัญของอยุธยา', 4.3),
  (1014, 'วัดพระศรีสรรเพชญ์', 'อำเภอพระนครศรีอยุธยา จังหวัดพระนครศรีอยุธยา', 'พระนครศรีอยุธยา', 0, 'อาทิตย์-ศุกร์ 08:00-18:00', 'วัดหลวงในอดีต ลักษณะพระเจดีย์เรียงสามองค์', 4.4),
  (1015, 'อุทยานประวัติศาสตร์สุโขทัย', 'ตำบลเมืองเก่า อำเภอเมืองสุโขทัย จังหวัดสุโขทัย', 'สุโขทัย', 0, 'อาทิตย์-ศุกร์ 06:00-18:00', 'เมืองเก่าสุโขทัย บรรยากาศร่มรื่นเหมาะปั่นจักรยาน', 4.5),
  (1016, 'วัดศรีชุม', 'อุทยานประวัติศาสตร์สุโขทัย อำเภอเมืองสุโขทัย จังหวัดสุโขทัย', 'สุโขทัย', 0, 'อาทิตย์-ศุกร์ 06:00-18:00', 'วัดที่มีพระอจนะองค์ใหญ่ อยู่ในมณฑปช่องแคบ', 4.6),
  (1017, 'วัดพระธาตุดอยสุเทพราชวรวิหาร', 'อำเภอเมืองเชียงใหม่ จังหวัดเชียงใหม่', 'เชียงใหม่', 0, 'อาทิตย์-ศุกร์ 06:00-18:00', 'วัดคู่บ้านคู่เมืองเชียงใหม่ มองเห็นวิวเมืองจากดอย', 4.7),
  (1018, 'ประตูท่าแพ', 'ถนนท่าแพ อำเภอเมืองเชียงใหม่ จังหวัดเชียงใหม่', 'เชียงใหม่', 0, 'อาทิตย์-ศุกร์ 08:00-22:00', 'แลนด์มาร์กกลางเมือง เก็บภาพและมีถนนคนเดิน', 4.8),
  (1019, 'อุทยานแห่งชาติดอยอินทนนท์', 'อำเภอจอมทอง จังหวัดเชียงใหม่', 'เชียงใหม่', 0, 'อาทิตย์-ศุกร์ 05:30-18:00', 'ยอดดอยที่สูงที่สุดในประเทศไทย มีเส้นทางเดินป่าและน้ำตก', 4.3),
  (1020, 'กาดไนท์บาซาร์เชียงใหม่', 'ถนนช้างคลาน อำเภอเมืองเชียงใหม่ จังหวัดเชียงใหม่', 'เชียงใหม่', 0, 'อาทิตย์-ศุกร์ 17:00-23:00', 'ตลาดกลางคืนยอดนิยมสำหรับซื้อของและอาหารเหนือ', 4.4),
  (1021, 'กาดวโรรส (กาดหลวง)', 'ถนนวิชยานนท์ อำเภอเมืองเชียงใหม่ จังหวัดเชียงใหม่', 'เชียงใหม่', 0, 'อาทิตย์-ศุกร์ 06:00-18:00', 'ตลาดท้องถิ่นขายของพื้นเมือง อาหาร และดอกไม้', 4.5),
  (1022, 'เมญ่า ไลฟ์สไตล์ ช้อปปิ้ง เซ็นเตอร์', 'ถนนห้วยแก้ว อำเภอเมืองเชียงใหม่ จังหวัดเชียงใหม่', 'เชียงใหม่', 0, 'อาทิตย์-ศุกร์ 10:00-22:00', 'ศูนย์การค้าทันสมัยใกล้ย่านนิมมานฯ มีร้านอาหารและจุดชมวิว', 4.6),
  (1023, 'ย่านนิมมานเหมินท์', 'ถนนนิมมานเหมินท์ อำเภอเมืองเชียงใหม่ จังหวัดเชียงใหม่', 'เชียงใหม่', 200, 'อาทิตย์-ศุกร์ 09:00-21:00', 'ย่านคาเฟ่และร้านอาหารสไตล์ฮิปของเชียงใหม่', 4.7),
  (1024, 'กิ่วแม่ปาน ปายแคนยอน', 'อำเภอปาย จังหวัดแม่ฮ่องสอน', 'แม่ฮ่องสอน', 0, 'อาทิตย์-ศุกร์ 06:00-18:00', 'จุดชมวิวและเส้นทางเดินริมผาตระการตา', 4.8),
  (1025, 'วัดพระธาตุดอยกองมู', 'อำเภอเมืองแม่ฮ่องสอน จังหวัดแม่ฮ่องสอน', 'แม่ฮ่องสอน', 0, 'อาทิตย์-ศุกร์ 06:00-18:00', 'วัดบนยอดดอยมองเห็นวิวเมืองแม่ฮ่องสอน', 4.3),
  (1026, 'เมืองเก่าภูเก็ต', 'เขตเทศบาลนครภูเก็ต จังหวัดภูเก็ต', 'ภูเก็ต', 100, 'อาทิตย์-ศุกร์ 09:00-18:00', 'ย่านชิโนโปรตุกีสเก่า ถ่ายรูปคาเฟ่และกินอาหารพื้นเมือง', 4.4),
  (1027, 'หาดป่าตอง', 'ตำบลป่าตอง อำเภอกะทู้ จังหวัดภูเก็ต', 'ภูเก็ต', 0, 'อาทิตย์-ศุกร์ 24 ชั่วโมง', 'หาดยอดนิยมมีกิจกรรมทางน้ำและร้านอาหารยามค่ำคืน', 4.5),
  (1028, 'หาดกะตะ', 'ตำบลกะรน อำเภอเมืองภูเก็ต จังหวัดภูเก็ต', 'ภูเก็ต', 0, 'อาทิตย์-ศุกร์ 24 ชั่วโมง', 'หาดทรายสวยน้ำใส เหมาะเล่นน้ำและพักผ่อน', 4.6),
  (1029, 'แหลมพรหมเทพ', 'ตำบลราไวย์ อำเภอเมืองภูเก็ต จังหวัดภูเก็ต', 'ภูเก็ต', 0, 'อาทิตย์-ศุกร์ 06:00-19:00', 'จุดชมพระอาทิตย์ตกชื่อดังของภูเก็ต', 4.7),
  (1030, 'พระใหญ่ภูเก็ต', 'ตำบลกะรน อำเภอเมืองภูเก็ต จังหวัดภูเก็ต', 'ภูเก็ต', 0, 'อาทิตย์-ศุกร์ 08:00-18:00', 'พระพุทธรูปสีขาวองค์ใหญ่บนเขา มองเห็นวิวทะเล', 4.8),
  (1031, 'หมู่เกาะพีพี', 'อำเภอเมืองกระบี่ จังหวัดกระบี่', 'กระบี่', 0, 'อาทิตย์-ศุกร์ 24 ชั่วโมง', 'เกาะทะเลสวยน้ำใส ดำน้ำ ชมวิวอ่าวมาหยา', 4.3),
  (1032, 'หาดไร่เลย์', 'ตำบลอ่าวนาง อำเภอเมืองกระบี่ จังหวัดกระบี่', 'กระบี่', 0, 'อาทิตย์-ศุกร์ 24 ชั่วโมง', 'หาดเงียบสงบ โดดเด่นด้วยผาหินปูน เหมาะปีนผา', 4.4),
  (1033, 'หาดอ่าวนาง', 'ตำบลอ่าวนาง อำเภอเมืองกระบี่ จังหวัดกระบี่', 'กระบี่', 0, 'อาทิตย์-ศุกร์ 24 ชั่วโมง', 'จุดขึ้นเรือไปเกาะต่างๆ ร้านอาหารเยอะ', 4.5),
  (1034, 'สระมรกต', 'อำเภอคลองท่อม จังหวัดกระบี่', 'กระบี่', 0, 'อาทิตย์-ศุกร์ 08:00-17:00', 'สระน้ำสีเขียวมรกตกลางป่า เดินเท้าเล็กน้อย', 4.6),
  (1035, 'วัดถ้ำเสือ กระบี่', 'อำเภอเมืองกระบี่ จังหวัดกระบี่', 'กระบี่', 0, 'อาทิตย์-ศุกร์ 07:00-18:00', 'วัดบนเขาบันไดสูง มองเห็นวิวกระบี่แบบพาโนรามา', 4.7),
  (1036, 'อุทยานแห่งชาติเขาสก', 'อำเภอบ้านตาขุน จังหวัดสุราษฎร์ธานี', 'สุราษฎร์ธานี', 0, 'อาทิตย์-ศุกร์ 06:00-18:00', 'ป่าดิบและภูเขาหินปูนสวย เหมาะล่องเรือและพักแพ', 4.8),
  (1037, 'หมู่เกาะอ่างทอง', 'อำเภอเกาะสมุย จังหวัดสุราษฎร์ธานี', 'สุราษฎร์ธานี', 0, 'อาทิตย์-ศุกร์ 06:00-18:00', 'หมู่เกาะกลางอ่าวไทย น้ำใส ดำน้ำ ดูวิว', 4.3),
  (1038, 'หมู่บ้านชาวประมงบ่อผุด', 'ตำบลบ่อผุด อำเภอเกาะสมุย จังหวัดสุราษฎร์ธานี', 'สุราษฎร์ธานี', 0, 'อาทิตย์-ศุกร์ 16:00-22:00', 'ย่านร้านอาหารริมทะเลสไตล์ชิโน ร้านชิลตอนเย็น', 4.4),
  (1039, 'หาดเฉวง', 'อำเภอเกาะสมุย จังหวัดสุราษฎร์ธานี', 'สุราษฎร์ธานี', 0, 'อาทิตย์-ศุกร์ 24 ชั่วโมง', 'หาดยาวสวยที่คึกคักที่สุดบนเกาะสมุย', 4.5),
  (1040, 'หินตาหินยาย', 'อำเภอเกาะสมุย จังหวัดสุราษฎร์ธานี', 'สุราษฎร์ธานี', 200, 'อาทิตย์-ศุกร์ 08:00-18:00', 'โขดหินรูปร่างแปลกริมทะเล จุดถ่ายรูปชื่อดัง', 4.6),
  (1041, 'ชายหาดหัวหิน', 'อำเภอหัวหิน จังหวัดประจวบคีรีขันธ์', 'ประจวบคีรีขันธ์', 0, 'อาทิตย์-ศุกร์ 24 ชั่วโมง', 'ชายหาดยอดนิยมใกล้กรุงเทพฯ เดินเล่นขี่ม้า', 4.7),
  (1042, 'ตลาดจั๊กจั่น (Cicada Market)', 'อำเภอหัวหิน จังหวัดประจวบคีรีขันธ์', 'ประจวบคีรีขันธ์', 0, 'ศุกร์-อาทิตย์ 16:00-23:00', 'ตลาดศิลปะ งานแฮนด์เมด และอาหารสตรีทฟู้ด', 4.8),
  (1043, 'วานา นาวา วอเตอร์จังเกิ้ล', 'อำเภอหัวหิน จังหวัดประจวบคีรีขันธ์', 'ประจวบคีรีขันธ์', 200, 'อาทิตย์-ศุกร์ 10:00-18:00', 'สวนน้ำสำหรับครอบครัว เครื่องเล่นหลากหลาย', 4.3),
  (1044, 'ซานโตรินี ปาร์ค ชะอำ', 'อำเภอชะอำ จังหวัดเพชรบุรี', 'เพชรบุรี', 0, 'อาทิตย์-ศุกร์ 10:00-19:00', 'จุดถ่ายรูปธีมกรีซและเครื่องเล่น', 4.4),
  (1045, 'วนอุทยานปราณบุรี', 'อำเภอปราณบุรี จังหวัดประจวบคีรีขันธ์', 'ประจวบคีรีขันธ์', 0, 'อาทิตย์-ศุกร์ 06:00-18:00', 'ป่าชายเลนและสะพานไม้ชมธรรมชาติ', 4.5),
  (1046, 'หาดพัทยา', 'เมืองพัทยา จังหวัดชลบุรี', 'ชลบุรี', 0, 'อาทิตย์-ศุกร์ 24 ชั่วโมง', 'หาดท่องเที่ยวหลักของพัทยา มีกิจกรรมทางน้ำ', 4.6),
  (1047, 'หาดจอมเทียน', 'เมืองพัทยา จังหวัดชลบุรี', 'ชลบุรี', 0, 'อาทิตย์-ศุกร์ 24 ชั่วโมง', 'หาดยาวบรรยากาศสงบกว่าหาดพัทยา', 4.7),
  (1048, 'สวนไทยพัทยา (สวนนงนุช)', 'อำเภอสัตหีบ จังหวัดชลบุรี', 'ชลบุรี', 0, 'อาทิตย์-ศุกร์ 08:00-18:00', 'สวนพฤกษศาสตร์จัดแต่งสวยงามและการแสดงวัฒนธรรม', 4.8),
  (1049, 'ปราสาทสัจธรรม', 'ตำบลนาเกลือ อำเภอบางละมุง จังหวัดชลบุรี', 'ชลบุรี', 0, 'อาทิตย์-ศุกร์ 08:00-18:00', 'ปราสาทไม้แกะสลักขนาดใหญ่ริมทะเล', 4.3),
  (1050, 'อาร์ต อิน พาราไดซ์ พัทยา', 'เมืองพัทยา จังหวัดชลบุรี', 'ชลบุรี', 200, 'อาทิตย์-ศุกร์ 09:00-19:00', 'พิพิธภัณฑ์ภาพวาด 3 มิติ ถ่ายรูปสนุก', 4.4),
  (1051, 'อุทยานแห่งชาติเขาใหญ่', 'อำเภอปากช่อง จังหวัดนครราชสีมา', 'นครราชสีมา', 0, 'อาทิตย์-ศุกร์ 06:00-18:00', 'อุทยานมรดกโลก มีน้ำตก จุดชมวิว และสัตว์ป่า', 4.5),
  (1052, 'ปาลิโอ เขาใหญ่', 'อำเภอปากช่อง จังหวัดนครราชสีมา', 'นครราชสีมา', 200, 'อาทิตย์-ศุกร์ 10:00-19:00', 'จุดถ่ายรูปสไตล์ยุโรป ร้านกาแฟ ของฝาก', 4.6),
  (1053, 'พีบี วัลเลย์ เขาใหญ่', 'อำเภอปากช่อง จังหวัดนครราชสีมา', 'นครราชสีมา', 200, 'อาทิตย์-ศุกร์ 09:00-17:00', 'ไร่องุ่นและร้านอาหารบรรยากาศดี', 4.7),
  (1054, 'น้ำตกเอราวัณ', 'อุทยานแห่งชาติเอราวัณ อำเภอศรีสวัสดิ์ จังหวัดกาญจนบุรี', 'กาญจนบุรี', 0, 'อาทิตย์-ศุกร์ 08:00-16:30', 'น้ำตก 7 ชั้นสีมรกตสวย เดินป่าเล่นน้ำได้', 4.8),
  (1055, 'สะพานข้ามแม่น้ำแคว', 'อำเภอเมืองกาญจนบุรี จังหวัดกาญจนบุรี', 'กาญจนบุรี', 200, 'อาทิตย์-ศุกร์ 08:00-18:00', 'แหล่งประวัติศาสตร์สงครามโลก จุดชมวิวแม่น้ำ', 4.3),
  (1056, 'ช่องเขาขาด พิพิธภัณฑ์ทางรถไฟไทย-พม่า', 'อำเภอไทรโยค จังหวัดกาญจนบุรี', 'กาญจนบุรี', 200, 'อาทิตย์-ศุกร์ 09:00-16:00', 'สถานที่รำลึกเชลยศึกและทางรถไฟสายมรณะ', 4.4),
  (1057, 'พระปฐมเจดีย์ราชวรมหาวิหาร', 'อำเภอเมืองนครปฐม จังหวัดนครปฐม', 'นครปฐม', 0, 'อาทิตย์-ศุกร์ 06:00-21:00', 'เจดีย์องค์ใหญ่ที่สุดในไทย เป็นศูนย์รวมจิตใจ', 4.5),
  (1058, 'ตลาดน้ำดำเนินสะดวก', 'อำเภอดำเนินสะดวก จังหวัดราชบุรี', 'ราชบุรี', 0, 'อาทิตย์-ศุกร์ 08:00-14:00', 'ตลาดน้ำดั้งเดิม ลงเรือชมวิถีชุมชน', 4.6),
  (1059, 'ตลาดน้ำอัมพวา', 'อำเภออัมพวา จังหวัดสมุทรสงคราม', 'สมุทรสงคราม', 0, 'ศุกร์-อาทิตย์ 16:00-21:00', 'ตลาดน้ำยามเย็น บรรยากาศบ้านริมน้ำและล่องเรือหิ่งห้อย', 4.7),
  (1060, 'ตลาดร่มหุบ แม่กลอง', 'อำเภอเมืองสมุทรสงคราม จังหวัดสมุทรสงคราม', 'สมุทรสงคราม', 0, 'อาทิตย์-ศุกร์ 08:00-17:00', 'ตลาดริมรางรถไฟที่ร่มจะหุบเมื่อรถไฟผ่าน', 4.8),
  (1061, 'เมืองโบราณ สมุทรปราการ', 'ตำบลบางปูใหม่ อำเภอเมืองสมุทรปราการ จังหวัดสมุทรปราการ', 'สมุทรปราการ', 0, 'อาทิตย์-ศุกร์ 09:00-18:00', 'พิพิธภัณฑ์กลางแจ้งรวบรวมสถาปัตยกรรมไทย', 4.3),
  (1062, 'พิพิธภัณฑ์ช้างเอราวัณ', 'อำเภอเมืองสมุทรปราการ จังหวัดสมุทรปราการ', 'สมุทรปราการ', 200, 'อาทิตย์-ศุกร์ 10:00-18:00', 'ช้างสามเศียรขนาดใหญ่ ภายในเป็นพิพิธภัณฑ์ศิลปะไทย', 4.4),
  (1063, 'บางกะเจ้า (สวนศรีนครเขื่อนขันธ์)', 'อำเภอพระประแดง จังหวัดสมุทรปราการ', 'สมุทรปราการ', 0, 'อาทิตย์-ศุกร์ 06:00-18:00', 'เกาะกลางเจ้าพระยาสายกรีน ปั่นจักรยานชมธรรมชาติ', 4.5),
  (1064, 'พระปรางค์สามยอด ลพบุรี', 'อำเภอเมืองลพบุรี จังหวัดลพบุรี', 'ลพบุรี', 0, 'อาทิตย์-ศุกร์ 08:00-17:00', 'โบราณสถานสมัยขอม มีลิงอยู่จำนวนมาก', 4.6),
  (1065, 'อุทยานประวัติศาสตร์พิมาย', 'อำเภอพิมาย จังหวัดนครราชสีมา', 'นครราชสีมา', 0, 'อาทิตย์-ศุกร์ 08:00-18:00', 'ปราสาทหินขอมที่สมบูรณ์และสวยงาม', 4.7),
  (1066, 'เขาค้อ', 'อำเภอเขาค้อ จังหวัดเพชรบูรณ์', 'เพชรบูรณ์', 0, 'อาทิตย์-ศุกร์ 06:00-18:00', 'จุดชมทะเลหมอกและอากาศเย็นสบายตลอดปี', 4.8),
  (1067, 'วัดพระธาตุผาซ่อนแก้ว', 'อำเภอเขาค้อ จังหวัดเพชรบูรณ์', 'เพชรบูรณ์', 0, 'อาทิตย์-ศุกร์ 07:00-17:00', 'วัดบนเขาที่มีองค์พระสีขาวเรียงกันโดดเด่น', 4.3),
  (1068, 'ภูทับเบิก', 'อำเภอหล่มเก่า จังหวัดเพชรบูรณ์', 'เพชรบูรณ์', 0, 'อาทิตย์-ศุกร์ 06:00-18:00', 'ยอดเขาสูงชมทะเลหมอกและไร่กะหล่ำปลี', 4.4),
  (1069, 'ทะเลบัวแดง อุดรธานี', 'อำเภอกุมภวาปี จังหวัดอุดรธานี', 'อุดรธานี', 200, 'อาทิตย์-ศุกร์ 06:00-17:00', 'ทะเลสาบที่มีดอกบัวแดงบานช่วงปลายปี', 4.5),
  (1070, 'วัดพระธาตุพนม', 'อำเภอธาตุพนม จังหวัดนครพนม', 'นครพนม', 0, 'อาทิตย์-ศุกร์ 06:00-18:00', 'พระธาตุศักดิ์สิทธิ์ริมโขง เป็นที่เคารพของชาวอีสาน', 4.6),
  (1071, 'วัดพระธาตุเชิงชุมวรวิหาร', 'อำเภอเมืองสกลนคร จังหวัดสกลนคร', 'สกลนคร', 0, 'อาทิตย์-ศุกร์ 06:00-18:00', 'วัดคู่บ้านคู่เมืองสกลนคร', 4.7),
  (1072, 'อุทยานแห่งชาติภูกระดึง', 'อำเภอภูกระดึง จังหวัดเลย', 'เลย', 0, 'อาทิตย์-ศุกร์ 06:00-18:00', 'ภูเขายอดตัด ต้องเดินขึ้น เหมาะคนชอบผจญภัยและดูใบเมเปิล', 4.8),
  (1073, 'วัดร่องขุ่น', 'อำเภอเมืองเชียงราย จังหวัดเชียงราย', 'เชียงราย', 0, 'อาทิตย์-ศุกร์ 08:00-17:00', 'วัดสีขาวออกแบบโดยอ.เฉลิมชัย เป็นจุดถ่ายรูปยอดนิยม', 4.3),
  (1074, 'วัดร่องเสือเต้น', 'อำเภอเมืองเชียงราย จังหวัดเชียงราย', 'เชียงราย', 0, 'อาทิตย์-ศุกร์ 08:00-17:00', 'วัดสีน้ำเงินสวยงาม มีลวดลายแบบล้านนา', 4.4),
  (1075, 'บ้านดำ จ.เชียงราย', 'อำเภอเมืองเชียงราย จังหวัดเชียงราย', 'เชียงราย', 200, 'อาทิตย์-ศุกร์ 09:00-17:00', 'พิพิธภัณฑ์ศิลปะสีดำของอ.ถวัลย์ ดัชนี', 4.5),
  (1076, 'สิงห์ปาร์ค เชียงราย', 'อำเภอเมืองเชียงราย จังหวัดเชียงราย', 'เชียงราย', 0, 'อาทิตย์-ศุกร์ 08:00-18:00', 'ฟาร์มเกษตรและจุดถ่ายรูป มีร้านกาแฟและกิจกรรม', 4.6),
  (1077, 'สามเหลี่ยมทองคำ', 'อำเภอเชียงแสน จังหวัดเชียงราย', 'เชียงราย', 200, 'อาทิตย์-ศุกร์ 08:00-17:00', 'จุดบรรจบพรมแดนไทย-ลาว-เมียนมา ริมโขง', 4.7),
  (1078, 'เกาะล้าน', 'เมืองพัทยา จังหวัดชลบุรี', 'ชลบุรี', 0, 'อาทิตย์-ศุกร์ 24 ชั่วโมง', 'เกาะน้ำใสใกล้กรุงเทพฯ มีกิจกรรมทางน้ำ', 4.8),
  (1079, 'เกาะช้าง', 'อำเภอเกาะช้าง จังหวัดตราด', 'ตราด', 0, 'อาทิตย์-ศุกร์ 24 ชั่วโมง', 'เกาะใหญ่ฝั่งตะวันออก น้ำตกและหาดหลายแห่ง', 4.3),
  (1080, 'หมู่เกาะสิมิลัน', 'อุทยานแห่งชาติหมู่เกาะสิมิลัน จังหวัดพังงา', 'พังงา', 0, 'อาทิตย์-ศุกร์ 24 ชั่วโมง (ตามฤดูกาล)', 'จุดดำน้ำและชายหาดที่สวยมากของอันดามัน', 4.4),
  (1081, 'เขาพิงกัน (เกาะเจมส์บอนด์)', 'อุทยานแห่งชาติอ่าวพังงา จังหวัดพังงา', 'พังงา', 200, 'อาทิตย์-ศุกร์ 08:00-16:30', 'โขดหินกลางน้ำรูปทรงแปลก จุดถ่ายรูปยอดนิยม', 4.5),
  (1082, 'เกาะเสม็ด', 'อำเภอเมืองระยอง จังหวัดระยอง', 'ระยอง', 0, 'อาทิตย์-ศุกร์ 24 ชั่วโมง', 'เกาะท่องเที่ยวใกล้กรุงเทพฯ หาดหลายสไตล์', 4.6),
  (1083, 'ปราสาทหินพนมรุ้ง', 'อำเภอเฉลิมพระเกียรติ จังหวัดบุรีรัมย์', 'บุรีรัมย์', 0, 'อาทิตย์-ศุกร์ 06:00-18:00', 'ปราสาทหินบนยอดภูเขาไฟเก่า งานหินทรายงดงาม', 4.7),
  (1084, 'ช้าง อารีนา และสนามแข่งบุรีรัมย์', 'อำเภอเมืองบุรีรัมย์ จังหวัดบุรีรัมย์', 'บุรีรัมย์', 200, 'อาทิตย์-ศุกร์ 09:00-17:00', 'สนามฟุตบอลและสนามแข่งรถนานาชาติของบุรีรัมย์', 4.8),
  (1085, 'พระนครคีรี (เขาวัง)', 'อำเภอเมืองเพชรบุรี จังหวัดเพชรบุรี', 'เพชรบุรี', 0, 'อาทิตย์-ศุกร์ 08:30-16:30', 'พระราชวังบนเขาที่ผสมผสานสถาปัตยกรรมตะวันตก', 4.3),
  (1086, 'อุทยานแห่งชาติสามร้อยยอด', 'อำเภอสามร้อยยอด จังหวัดประจวบคีรีขันธ์', 'ประจวบคีรีขันธ์', 0, 'อาทิตย์-ศุกร์ 06:00-18:00', 'ภูเขาหินปูน ทุ่งสามร้อยยอด และถ้ำพระยานคร', 4.4),
  (1087, 'อุทยานแห่งชาติทุ่งแสลงหลวง', 'อำเภอนครไทย จังหวัดพิษณุโลก', 'พิษณุโลก', 0, 'อาทิตย์-ศุกร์ 06:00-18:00', 'ทุ่งหญ้าสะวันนาเมืองไทย อากาศเย็นสบาย', 4.5),
  (1088, 'วัดพระธาตุลำปางหลวง', 'อำเภอเกาะคา จังหวัดลำปาง', 'ลำปาง', 0, 'อาทิตย์-ศุกร์ 07:00-17:00', 'วัดไม้แบบล้านนาที่สมบูรณ์มาก', 4.6),
  (1089, 'บ้านแม่กำปอง', 'อำเภอแม่ออน จังหวัดเชียงใหม่', 'เชียงใหม่', 100, 'อาทิตย์-ศุกร์ 07:00-18:00', 'หมู่บ้านบนเขาอากาศเย็น คาเฟ่ริมลำธาร', 4.7),
  (1090, 'ดอยอ่างขาง', 'อำเภอฝาง จังหวัดเชียงใหม่', 'เชียงใหม่', 0, 'อาทิตย์-ศุกร์ 06:00-18:00', 'สถานีเกษตรบนดอยสูง อากาศเย็นตลอดปี', 4.8),
  (1091, 'ชุมชนริมน้ำจันทบูร', 'อำเภอเมืองจันทบุรี จังหวัดจันทบุรี', 'จันทบุรี', 100, 'อาทิตย์-ศุกร์ 09:00-18:00', 'ย่านบ้านเก่าริมแม่น้ำ เดินเล่นกินของหวาน', 4.3),
  (1092, 'อาสนวิหารพระนางมารีอาปฏิสนธินิรมล', 'อำเภอเมืองจันทบุรี จังหวัดจันทบุรี', 'จันทบุรี', 100, 'อาทิตย์-ศุกร์ 08:30-16:30', 'โบสถ์คาทอลิกเก่าแบบโกธิกริมแม่น้ำ', 4.4),
  (1093, 'อ่าวพังงา', 'อำเภอเมืองพังงา จังหวัดพังงา', 'พังงา', 0, 'อาทิตย์-ศุกร์ 08:00-17:00', 'อ่าวที่เต็มไปด้วยภูเขาหินปูนกลางน้ำ วิวสวยมาก', 4.5),
  (1094, 'เกาะเต่า', 'อำเภอเกาะพะงัน จังหวัดสุราษฎร์ธานี', 'สุราษฎร์ธานี', 0, 'อาทิตย์-ศุกร์ 24 ชั่วโมง', 'เกาะดำน้ำชมปะการังที่มีชื่อเสียง', 4.6),
  (1095, 'เกาะพะงัน', 'อำเภอเกาะพะงัน จังหวัดสุราษฎร์ธานี', 'สุราษฎร์ธานี', 0, 'อาทิตย์-ศุกร์ 24 ชั่วโมง', 'เกาะจัดฟูลมูนปาร์ตี้และมีหาดสวยหลายหาด', 4.7),
  (1096, 'เขื่อนรัชชประภา (เชี่ยวหลาน)', 'อำเภอบ้านตาขุน จังหวัดสุราษฎร์ธานี', 'สุราษฎร์ธานี', 0, 'อาทิตย์-ศุกร์ 06:00-18:00', 'ทะเลสาบน้ำสีเขียวมรกต ภูเขาหินปูนโอบล้อม', 4.8),
  (1097, 'ซาฟารีเวิลด์', 'เขตคลองสามวา กรุงเทพมหานคร', 'กรุงเทพมหานคร', 0, 'อาทิตย์-ศุกร์ 09:00-17:00', 'สวนสัตว์เปิดและการแสดงสัตว์สำหรับครอบครัว', 4.3),
  (1098, 'ดรีมเวิลด์', 'อำเภอธัญบุรี จังหวัดปทุมธานี', 'ปทุมธานี', 0, 'อาทิตย์-ศุกร์ 10:00-17:00', 'สวนสนุกเครื่องเล่นเหมาะกับทุกวัย', 4.4),
  (1099, 'สวนสยาม (สยามอะเมซิ่งพาร์ค)', 'เขตคันนายาว กรุงเทพมหานคร', 'กรุงเทพมหานคร', 0, 'อาทิตย์-ศุกร์ 10:00-18:00', 'สวนสนุกและสวนน้ำขนาดใหญ่ของกรุงเทพฯ', 4.5),
  (1100, 'สวนเบญจกิติ', 'เขตคลองเตย กรุงเทพมหานคร', 'กรุงเทพมหานคร', 0, 'อาทิตย์-ศุกร์ 05:00-21:00', 'สวนสาธารณะล้อมทะเลสาบ มีเลนจักรยานและทางเดิน', 4.6);

select*from place;

INSERT INTO place_category (place_id, category_id) VALUES
  (1001, 2010),
  (1001, 2004),
  (1001, 2001),
  (1002, 2010),
  (1002, 2004),
  (1002, 2001),
  (1003, 2004),
  (1003, 2010),
  (1003, 2001),
  (1004, 2005),
  (1004, 2012),
  (1005, 2005),
  (1005, 2003),
  (1005, 2012),
  (1006, 2007),
  (1006, 2001),
  (1006, 2003),
  (1007, 2007),
  (1007, 2003),
  (1008, 2006),
  (1008, 2012),
  (1009, 2006),
  (1009, 2001),
  (1009, 2004),
  (1010, 2001),
  (1010, 2006),
  (1011, 2005),
  (1011, 2012),
  (1011, 2003),
  (1012, 2004),
  (1012, 2010),
  (1013, 2010),
  (1013, 2004),
  (1014, 2010),
  (1014, 2004),
  (1015, 2004),
  (1015, 2010),
  (1015, 2009),
  (1016, 2010),
  (1016, 2004),
  (1017, 2010),
  (1017, 2004),
  (1017, 2008),
  (1018, 2004),
  (1018, 2005),
  (1019, 2008),
  (1019, 2009),
  (1020, 2005),
  (1020, 2012),
  (1021, 2005),
  (1021, 2012),
  (1022, 2007),
  (1022, 2003),
  (1023, 2003),
  (1023, 2012),
  (1024, 2008),
  (1024, 2009),
  (1024, 2012),
  (1025, 2010),
  (1025, 2008),
  (1026, 2004),
  (1026, 2003),
  (1026, 2001),
  (1027, 2002),
  (1027, 2012),
  (1028, 2002),
  (1028, 2012),
  (1029, 2008),
  (1029, 2009),
  (1030, 2010),
  (1030, 2008),
  (1031, 2002),
  (1031, 2008),
  (1031, 2011),
  (1032, 2002),
  (1032, 2008),
  (1032, 2011),
  (1033, 2002),
  (1033, 2012),
  (1034, 2008),
  (1034, 2009),
  (1035, 2010),
  (1035, 2008),
  (1036, 2008),
  (1036, 2009),
  (1037, 2002),
  (1037, 2008),
  (1037, 2011),
  (1038, 2005),
  (1038, 2003),
  (1038, 2012),
  (1039, 2002),
  (1039, 2012),
  (1040, 2008),
  (1040, 2012),
  (1041, 2002),
  (1041, 2012),
  (1042, 2005),
  (1042, 2001),
  (1042, 2003),
  (1043, 2012),
  (1043, 2011),
  (1044, 2009),
  (1044, 2012),
  (1045, 2008),
  (1045, 2009),
  (1046, 2002),
  (1046, 2012),
  (1047, 2002),
  (1047, 2012),
  (1048, 2009),
  (1048, 2008),
  (1049, 2001),
  (1049, 2010),
  (1050, 2001),
  (1050, 2006),
  (1051, 2008),
  (1051, 2009),
  (1052, 2012),
  (1052, 2003),
  (1053, 2012),
  (1053, 2003),
  (1054, 2008),
  (1054, 2009),
  (1055, 2004),
  (1055, 2012),
  (1056, 2006),
  (1056, 2004),
  (1057, 2010),
  (1057, 2004),
  (1058, 2005),
  (1058, 2012),
  (1059, 2005),
  (1059, 2012),
  (1060, 2005),
  (1060, 2012),
  (1061, 2004),
  (1061, 2009),
  (1061, 2001),
  (1062, 2006),
  (1062, 2001),
  (1063, 2009),
  (1063, 2008),
  (1064, 2010),
  (1064, 2004),
  (1065, 2004),
  (1065, 2010),
  (1066, 2008),
  (1066, 2009),
  (1067, 2010),
  (1067, 2008),
  (1068, 2008),
  (1068, 2009),
  (1069, 2008),
  (1069, 2012),
  (1070, 2010),
  (1070, 2004),
  (1071, 2010),
  (1071, 2004),
  (1072, 2008),
  (1072, 2009),
  (1072, 2011),
  (1073, 2001),
  (1073, 2010),
  (1074, 2001),
  (1074, 2010),
  (1075, 2001),
  (1075, 2006),
  (1076, 2009),
  (1076, 2012),
  (1077, 2004),
  (1077, 2012),
  (1078, 2002),
  (1078, 2008),
  (1079, 2002),
  (1079, 2008),
  (1080, 2002),
  (1080, 2008),
  (1080, 2011),
  (1081, 2008),
  (1081, 2012),
  (1082, 2002),
  (1082, 2008),
  (1083, 2004),
  (1083, 2010),
  (1084, 2011),
  (1084, 2012),
  (1085, 2004),
  (1085, 2009),
  (1086, 2008),
  (1086, 2009),
  (1087, 2008),
  (1087, 2009),
  (1088, 2010),
  (1088, 2004),
  (1089, 2008),
  (1089, 2003),
  (1090, 2008),
  (1090, 2009),
  (1091, 2004),
  (1091, 2003),
  (1092, 2001),
  (1092, 2004),
  (1093, 2008),
  (1093, 2002),
  (1094, 2002),
  (1094, 2011),
  (1094, 2008),
  (1095, 2002),
  (1095, 2012),
  (1096, 2008),
  (1096, 2009),
  (1097, 2012),
  (1097, 2009),
  (1098, 2012),
  (1098, 2009),
  (1099, 2012),
  (1099, 2009),
  (1100, 2009),
  (1100, 2008);
  
  select * from place_category;

UPDATE place
SET place_eng_province = CASE place_province
    WHEN 'กรุงเทพมหานคร' THEN 'Bangkok'
    WHEN 'พระนครศรีอยุธยา' THEN 'Phra Nakhon Si Ayutthaya'
    WHEN 'สุโขทัย' THEN 'Sukhothai'
    WHEN 'เชียงใหม่' THEN 'Chiang Mai'
    WHEN 'แม่ฮ่องสอน' THEN 'Mae Hong Son'
    WHEN 'ภูเก็ต' THEN 'Phuket'
    WHEN 'กระบี่' THEN 'Krabi'
    WHEN 'สุราษฎร์ธานี' THEN 'Surat Thani'
    WHEN 'ประจวบคีรีขันธ์' THEN 'Prachuap Khiri Khan'
    WHEN 'เพชรบุรี' THEN 'Phetchaburi'
    WHEN 'ชลบุรี' THEN 'Chonburi'
    WHEN 'นครราชสีมา' THEN 'Nakhon Ratchasima'
    WHEN 'กาญจนบุรี' THEN 'Kanchanaburi'
    WHEN 'นครปฐม' THEN 'Nakhon Pathom'
    WHEN 'ราชบุรี' THEN 'Ratchaburi'
    WHEN 'สมุทรสงคราม' THEN 'Samut Songkhram'
    WHEN 'สมุทรปราการ' THEN 'Samut Prakan'
    WHEN 'ลพบุรี' THEN 'Lopburi'
    WHEN 'เพชรบูรณ์' THEN 'Phetchabun'
    WHEN 'อุดรธานี' THEN 'Udon Thani'
    WHEN 'นครพนม' THEN 'Nakhon Phanom'
    WHEN 'สกลนคร' THEN 'Sakon Nakhon'
    WHEN 'เลย' THEN 'Loei'
    WHEN 'เชียงราย' THEN 'Chiang Rai'
    WHEN 'ตราด' THEN 'Trat'
    WHEN 'พังงา' THEN 'Phang Nga'
    WHEN 'ระยอง' THEN 'Rayong'
    WHEN 'บุรีรัมย์' THEN 'Buriram'
    WHEN 'พิษณุโลก' THEN 'Phitsanulok'
    WHEN 'ลำปาง' THEN 'Lampang'
    WHEN 'จันทบุรี' THEN 'Chanthaburi'
    WHEN 'ปทุมธานี' THEN 'Pathum Thani'
    ELSE NULL
END
WHERE place_id BETWEEN 1001 AND 1100;
